species,ce4,ce3,ce2,ae1,ae0,ae3,ae2,ae5,ba3,ba0,ba1,cb1,cd4,cd1,cd2,cd3,ad6,ad4,ad5,ad2,ad3,ad0,ad1,bf3,bf2,bf1,bf0,bf5,bf4,ac3,ac2,ac1,ac0,ac6,ac5,ac4,ba6,ba4,ba5,cf6,ba2,cf4,cf3,cf0,ae4,ae6,bd5,bd4,ab2,bd6,ab4,bd0,bd3,bd2,ca2,ca1,ca5,aa5,aa4,aa6,aa1,aa0,aa3,aa2,be2,be3,be0,be1,be6,be4,be5,ab5,bd1,bb6,bb5,bb4,bb3,bb2,bb1,bb0,ab0,ab1,cc5,cc4,cc6,cc3,cc2,ab3,bc4,bc5,bc6,bc0,bc1,bc2,bc3,ab6,cb2,cb3,cb4,cb5,af4,af5,af6,af0,af1,af2,af3,total
animal_kitsune,1,1,0,0,2,2,1,1,0,2,0,0,0,1,0,0,0,1,0,0,3,1,2,0,0,0,0,0,0,6,6,2,2,1,0,4,0,1,0,1,0,0,0,0,1,0,1,0,15,0,6,3,4,4,0,0,0,16,6,11,34,51,15,20,4,11,18,3,0,2,2,7,4,0,1,0,1,0,1,0,8,22,0,0,0,1,0,9,2,0,0,0,0,1,3,0,1,1,0,0,0,0,0,0,1,0,3,334
animal_rabbit,0,1,0,1,1,1,0,0,0,1,0,0,0,0,0,0,2,3,1,2,5,0,1,0,0,0,0,0,0,2,5,0,1,3,1,3,0,0,0,0,0,0,0,0,0,1,2,0,7,0,8,2,6,3,0,0,0,24,20,19,18,40,19,17,16,7,20,8,2,3,1,15,2,0,0,0,2,0,1,0,4,8,0,0,0,0,0,15,3,1,1,0,2,0,5,7,0,1,0,0,1,0,1,0,0,0,0,346
animal_domesticcat,0,1,0,1,1,3,1,0,1,1,1,0,1,0,0,1,2,3,2,3,6,2,2,1,0,1,0,0,0,4,7,7,7,0,4,6,0,0,1,1,0,0,0,0,0,0,3,9,23,1,15,11,18,18,0,0,0,30,24,35,55,103,33,37,26,20,58,30,1,10,4,17,10,0,0,0,2,0,3,1,14,36,0,0,0,0,0,17,3,1,2,3,7,6,5,6,0,1,0,0,1,0,2,1,0,2,1,776
animal_coyote,0,0,1,0,1,0,0,0,2,0,1,0,0,0,0,0,0,0,0,0,0,0,1,0,0,0,0,0,0,1,4,1,1,0,2,2,0,0,0,0,0,0,0,0,0,0,0,0,3,0,0,0,3,2,1,0,0,21,13,18,20,29,13,11,4,6,9,7,0,2,3,5,4,1,1,1,1,0,0,1,1,14,0,0,0,0,0,4,0,0,0,0,0,2,0,3,0,0,0,0,0,0,0,0,0,0,1,221
animal_tiger,0,0,1,0,2,1,0,0,1,1,0,0,0,0,0,1,1,2,1,0,3,1,2,0,0,0,0,0,0,6,4,1,2,0,1,5,0,0,1,0,0,0,0,0,0,0,3,2,6,1,5,5,4,4,0,0,0,54,24,44,56,73,33,21,11,6,30,16,1,3,0,5,7,1,0,1,1,0,1,3,7,28,0,0,0,0,1,13,4,2,1,1,1,2,3,4,0,0,0,0,0,0,0,0,0,1,1,527
animal_otherfox,0,0,1,0,1,2,0,0,0,1,0,0,0,0,0,0,2,0,0,2,1,0,1,0,0,0,0,0,0,5,3,3,2,1,3,0,0,0,0,0,0,0,0,0,0,0,0,2,8,1,10,5,8,3,0,1,0,26,16,27,41,60,31,18,7,3,28,7,1,4,1,5,2,0,0,1,0,1,0,1,9,22,0,0,0,0,0,12,1,0,0,1,1,3,2,5,0,0,0,0,0,0,0,0,0,2,0,404
animal_wolf,0,0,0,1,3,4,1,0,2,4,3,0,0,0,1,0,2,2,1,2,6,0,7,1,1,1,0,0,1,23,6,6,4,3,6,9,3,2,0,0,0,0,1,1,1,0,4,7,45,4,29,18,21,27,1,0,0,180,147,213,208,380,142,126,39,26,128,41,5,12,6,34,25,4,2,2,7,3,1,4,28,82,0,0,0,1,0,44,0,3,2,5,11,9,18,9,0,1,0,1,1,0,2,0,1,0,4,2221
animal_raven,0,0,0,1,0,1,0,0,0,0,0,0,0,0,0,0,0,0,1,0,2,0,0,0,0,0,0,0,0,2,0,0,0,0,0,0,0,1,0,0,0,0,0,0,0,0,2,3,5,0,3,4,7,7,0,0,0,3,3,2,4,18,3,6,2,5,8,5,0,0,2,0,6,1,0,0,1,0,0,0,0,5,0,0,0,0,0,3,1,0,0,2,4,4,3,1,0,1,1,0,0,0,0,0,0,0,0,133
animal_otherbird,0,0,0,1,0,0,0,0,2,1,0,1,0,0,0,1,0,0,0,0,2,0,1,0,0,2,0,0,0,0,3,2,1,0,2,2,0,0,1,0,0,0,0,0,0,0,3,1,3,1,1,2,4,2,0,0,0,6,2,6,12,14,4,6,3,5,15,3,1,0,0,2,5,0,1,0,0,0,0,0,2,10,0,0,0,1,0,2,0,0,0,1,0,1,0,2,0,1,0,0,0,0,0,0,0,0,0,144
animal_cougar,0,0,0,1,0,0,0,0,0,0,1,0,0,0,0,0,0,1,0,0,0,0,0,0,0,0,0,0,0,1,0,0,2,0,0,0,0,1,0,1,0,0,0,0,0,0,0,2,0,0,1,3,0,4,0,0,0,8,4,12,9,24,4,2,2,1,12,1,0,1,2,2,5,0,1,0,1,1,0,0,2,4,0,0,0,0,0,3,0,0,1,1,1,1,2,0,0,0,0,0,0,0,1,0,0,0,0,126
animal_skunk,0,0,0,1,1,1,0,0,0,0,0,0,0,0,0,0,0,0,1,1,2,0,1,0,0,0,0,0,0,4,2,1,1,1,0,1,0,0,0,0,0,0,0,0,0,0,0,2,7,0,2,1,3,3,0,0,0,8,7,6,21,31,10,14,1,1,2,2,1,0,0,2,0,0,1,0,0,0,0,2,2,4,0,0,0,0,0,5,1,0,0,1,1,2,3,2,0,0,0,0,0,0,0,0,0,0,0,166
animal_dragon,0,0,0,2,0,2,0,0,0,2,1,0,0,0,0,1,0,0,2,1,4,2,1,1,0,2,0,0,0,21,7,6,3,0,5,5,3,2,2,0,0,1,0,0,0,0,2,5,19,2,24,9,11,9,0,0,0,65,47,59,85,137,67,61,15,7,43,28,0,1,1,15,21,0,1,1,1,2,1,1,15,53,0,0,0,1,1,26,2,1,3,4,5,4,5,1,0,1,0,0,0,0,1,1,0,1,6,947
animal_leopard,0,0,0,0,1,0,0,0,0,1,1,0,0,0,1,0,0,2,0,0,2,1,1,1,0,0,0,0,0,2,1,3,1,0,1,1,0,0,0,0,0,0,0,0,0,0,1,2,5,0,3,5,5,6,0,0,0,18,8,10,21,26,14,9,6,6,19,17,0,0,1,4,7,0,1,0,1,1,0,1,2,9,0,0,1,1,0,1,2,0,0,1,4,2,3,2,0,0,0,0,0,0,0,0,0,0,0,245
animal_otherfeline,0,0,0,0,1,0,2,0,0,0,1,0,0,0,0,0,0,0,0,0,3,1,3,1,0,1,0,0,0,6,4,2,2,1,3,1,1,2,1,0,0,0,0,0,0,0,4,5,10,1,8,8,9,8,0,0,0,16,8,19,30,58,18,16,15,11,35,16,1,5,3,8,8,0,1,1,2,2,0,1,7,13,0,0,0,1,0,6,2,0,2,0,5,4,4,1,0,1,1,0,0,0,0,1,1,1,0,413
animal_arcticfox,0,0,0,0,2,1,1,0,2,2,0,0,0,0,0,0,1,1,2,0,0,0,2,0,0,0,0,0,0,4,3,1,1,2,2,4,0,1,1,0,0,0,0,0,0,0,2,0,10,0,7,1,2,2,1,0,0,26,11,22,29,66,28,13,5,10,27,6,0,1,0,7,2,0,0,0,0,0,1,0,3,16,0,0,0,0,0,15,0,0,0,1,2,0,3,3,0,0,0,0,0,0,0,0,0,0,1,356
animal_otherdog,0,0,0,0,1,0,0,0,2,0,1,0,0,0,0,0,0,2,0,0,0,0,2,0,0,0,0,0,0,4,3,0,0,1,3,1,0,0,0,0,1,0,0,0,0,0,1,5,5,2,9,3,11,9,0,0,0,35,24,41,34,54,21,17,4,4,30,19,2,3,3,2,10,2,3,1,0,2,1,0,1,9,0,0,0,1,0,7,0,1,1,2,2,0,6,4,0,1,0,0,0,0,0,0,0,0,2,415
animal_panther,0,0,0,0,1,1,0,0,0,1,0,0,0,0,0,0,0,0,0,0,1,0,0,0,0,0,0,0,0,4,5,2,2,0,1,0,0,0,0,0,0,0,0,0,0,0,0,3,5,0,1,4,4,3,0,0,0,13,6,11,19,36,8,10,4,5,7,5,1,0,2,3,4,0,1,0,0,0,0,1,2,7,0,0,0,0,0,6,0,0,0,0,2,0,2,1,0,0,0,0,0,1,0,1,0,0,0,196
animal_husky,0,0,0,0,0,1,1,0,1,0,1,0,0,0,0,0,1,3,1,0,1,0,1,0,0,0,0,0,0,3,2,0,1,1,2,2,0,0,1,0,0,0,0,0,0,0,0,1,10,0,12,3,5,6,1,0,0,62,35,50,37,76,37,32,4,7,32,7,0,0,0,8,3,0,0,1,0,0,0,1,9,9,0,0,0,0,0,12,1,0,0,1,4,2,5,6,0,1,0,1,0,0,0,0,0,0,1,505
animal_redpanda,0,0,0,0,0,1,0,0,0,0,0,0,0,0,0,0,0,0,0,0,0,0,0,1,0,0,0,0,0,1,0,0,0,0,1,0,0,1,0,1,0,0,0,0,0,0,2,0,2,0,4,3,3,2,0,0,0,4,2,2,2,17,6,0,3,2,9,7,0,0,0,0,2,0,0,0,0,0,0,0,2,2,0,0,0,0,0,2,0,1,0,1,1,2,1,0,0,0,0,0,0,0,0,1,0,0,0,91
animal_raccoon,0,0,0,0,0,1,0,0,0,0,0,0,0,0,0,0,0,0,1,0,3,0,2,1,0,0,0,0,0,4,3,2,0,1,1,1,0,0,0,0,0,0,0,0,0,0,1,2,4,0,9,5,6,6,0,0,0,21,26,18,23,31,22,11,3,1,7,5,1,1,0,1,0,0,1,0,1,0,1,1,3,8,0,0,0,0,0,8,1,0,1,1,0,3,4,0,0,0,0,0,0,0,1,0,0,0,0,258
animal_griffin,0,0,0,0,0,1,0,0,0,0,0,0,0,0,0,1,0,1,1,0,0,0,0,0,0,0,0,0,0,2,1,1,0,0,0,1,0,1,1,1,0,0,0,0,0,0,3,2,3,0,2,5,1,7,0,0,0,3,3,5,11,18,5,3,2,3,18,7,0,1,1,2,5,0,0,0,0,0,1,0,2,11,0,0,0,0,0,5,0,0,0,2,3,3,4,1,0,0,0,0,0,0,0,0,1,0,0,155
animal_dinosaur,0,0,0,0,0,1,0,0,0,0,0,0,0,0,0,0,0,0,1,1,0,0,0,1,0,0,0,0,0,2,1,0,0,0,0,1,0,1,0,1,0,0,0,0,0,0,0,0,2,0,2,2,3,0,0,0,0,7,2,6,12,18,10,7,0,1,7,1,0,0,0,2,2,0,0,1,1,0,0,1,1,6,0,0,0,0,0,2,1,0,0,1,1,1,1,0,0,0,0,0,0,0,0,0,0,0,1,112
animal_pandabear,0,0,0,0,0,1,0,0,0,0,0,0,0,0,0,0,0,0,1,0,0,0,1,1,0,0,0,0,0,1,0,0,1,0,0,2,0,0,0,0,0,0,0,0,0,0,1,0,1,0,1,3,2,1,0,0,0,8,5,6,5,15,2,3,4,2,8,3,0,0,0,1,0,0,0,0,0,0,0,0,3,3,0,0,0,0,0,0,0,0,0,0,0,1,2,0,0,0,0,0,0,0,0,0,0,0,0,88
animal_horse,0,0,0,0,0,1,0,0,0,0,1,0,0,0,0,0,0,1,0,1,5,0,0,0,0,0,0,0,0,3,2,0,1,1,2,1,0,0,0,1,0,0,0,0,0,0,1,0,8,0,2,3,5,3,0,0,0,9,10,8,23,24,10,10,4,7,21,5,0,1,1,4,5,0,0,0,2,0,0,0,3,10,0,0,0,0,0,5,0,0,2,2,2,1,2,1,0,0,0,0,0,0,0,0,0,0,1,215
animal_polarbear,0,0,0,0,0,1,0,0,0,0,0,0,0,0,0,0,0,0,0,0,0,1,1,0,0,0,0,0,0,0,0,0,0,0,1,1,1,0,0,0,0,0,0,0,0,0,0,0,1,0,0,1,1,1,0,0,0,7,2,7,5,16,5,4,2,2,4,2,0,0,0,1,1,0,0,0,0,0,0,0,2,3,0,0,0,1,0,3,0,0,0,0,1,0,0,2,0,0,0,0,0,0,0,0,0,0,0,80
animal_greyfox,0,0,0,0,0,1,0,0,1,1,0,0,0,0,0,0,0,1,0,0,0,0,3,0,0,0,0,0,0,1,3,2,1,0,1,0,0,1,0,0,0,0,0,0,0,0,1,0,11,0,2,2,2,1,0,0,0,13,8,12,24,43,18,19,2,7,15,4,0,0,0,3,1,0,0,0,1,0,1,0,3,12,0,0,0,0,0,5,1,0,0,0,0,0,2,0,0,0,0,0,0,0,0,0,0,0,1,230
animal_otherungulate,0,0,0,0,0,2,0,0,0,1,0,0,0,0,0,0,0,0,0,1,3,0,1,0,0,0,0,0,2,0,1,1,0,0,0,0,0,0,0,1,0,0,0,0,0,0,2,0,3,0,0,1,5,3,0,0,0,5,7,6,4,22,3,4,2,5,10,5,1,1,1,0,0,0,0,1,0,1,0,0,1,5,0,0,0,0,0,1,0,0,0,0,0,2,1,1,0,2,0,0,0,0,0,0,0,0,1,119
animal_kangaroo,0,0,0,0,0,2,0,0,0,0,0,0,0,0,0,0,0,1,0,0,0,0,0,0,0,0,0,0,0,3,0,0,0,0,0,1,0,0,0,0,0,0,0,0,0,0,1,0,4,0,4,0,1,0,0,0,0,7,8,12,11,19,4,9,0,1,5,2,0,0,3,0,1,0,1,0,0,0,0,0,3,6,0,0,0,0,0,2,0,0,1,0,1,1,1,1,0,1,0,0,0,0,0,0,0,0,0,117
animal_lion,0,0,0,0,0,2,0,0,0,0,0,0,0,0,0,0,0,0,0,0,1,1,0,0,0,0,0,0,0,3,0,1,2,0,1,5,0,0,0,1,0,0,0,0,0,0,1,1,9,0,8,4,2,3,0,0,0,23,22,39,36,38,11,22,3,4,23,8,2,2,0,6,4,2,1,1,1,1,0,2,3,7,0,0,0,0,0,7,0,1,1,1,2,3,2,2,0,0,0,0,0,0,0,0,0,1,0,326
animal_other,0,0,0,0,0,1,0,0,0,0,0,0,0,0,0,0,0,0,0,0,1,0,0,0,0,0,0,0,0,0,1,0,0,0,1,0,0,0,0,0,0,0,0,0,0,0,0,0,2,0,0,1,3,0,0,0,0,3,4,5,2,9,3,2,1,4,9,2,0,2,0,1,1,0,0,0,0,0,0,1,1,3,0,0,0,0,0,2,0,0,0,0,0,0,0,1,0,1,0,0,0,0,0,0,0,0,0,67
animal_grizzlybear,0,0,0,0,0,1,0,0,0,0,0,0,0,0,0,0,0,0,0,0,0,0,1,0,0,0,0,0,0,1,0,1,0,0,0,0,0,0,0,1,0,0,0,0,0,0,1,0,3,0,1,0,1,0,0,0,0,5,5,7,5,14,4,5,2,1,3,0,0,0,0,2,2,0,0,0,1,0,0,0,2,4,0,0,0,0,0,1,0,0,0,1,0,0,0,1,0,1,0,0,0,0,0,0,0,0,0,77
animal_othercanine,0,0,0,0,0,1,1,0,0,1,1,0,0,0,0,0,0,1,0,1,1,0,1,2,0,0,1,0,0,4,0,1,0,1,1,1,0,0,0,0,0,0,0,0,0,0,2,1,5,0,6,0,7,3,0,0,0,20,12,17,21,35,16,21,8,8,27,7,1,2,1,2,7,0,1,1,0,0,0,0,6,14,0,0,0,1,0,6,0,0,1,0,5,1,2,1,0,0,0,0,0,0,0,0,0,0,0,287
animal_othermustelid,0,0,0,0,0,0,1,0,0,1,0,0,0,0,0,0,1,0,0,0,0,1,0,0,0,0,0,0,0,0,1,0,0,0,0,0,0,2,0,0,0,0,0,0,0,0,0,0,0,0,3,0,1,1,0,0,0,9,1,3,6,15,4,6,3,0,6,1,0,1,0,2,4,0,0,0,0,0,2,0,1,1,0,0,0,0,0,2,0,0,0,0,1,1,1,0,0,0,0,0,0,1,0,1,0,0,0,84
animal_weasel,0,0,0,0,0,0,1,0,0,0,0,0,0,0,0,0,0,0,0,0,0,0,0,0,0,0,0,0,0,3,2,1,0,0,0,0,0,0,0,0,0,0,0,0,0,0,0,1,1,0,4,2,0,1,0,0,0,7,2,5,12,21,4,4,2,2,8,3,0,0,0,3,0,0,0,0,0,1,1,1,1,2,0,0,0,0,0,3,2,0,0,0,1,1,0,2,0,0,0,0,0,0,0,0,0,0,0,104
animal_brownbear,0,0,0,0,0,0,0,1,0,0,0,0,0,0,0,0,0,0,0,0,0,0,1,0,0,0,0,0,0,0,0,0,0,0,1,0,0,0,0,0,0,0,0,0,0,0,0,1,0,0,4,1,0,1,0,0,0,9,5,12,7,11,4,5,1,0,3,1,0,0,0,0,1,0,0,0,0,0,1,0,0,2,0,0,0,0,0,2,0,0,0,1,0,0,0,1,0,0,0,0,0,0,0,0,0,0,0,76
animal_redfox,0,0,0,0,0,0,0,0,1,2,0,0,0,0,0,0,1,2,7,0,4,1,4,0,0,0,0,0,0,10,7,7,3,4,7,3,0,0,0,0,0,0,0,1,0,0,2,2,17,1,22,5,12,10,0,0,0,74,59,76,97,198,77,51,12,12,42,10,1,3,2,22,7,0,1,0,2,1,1,0,11,37,0,0,0,0,0,27,0,0,0,0,2,1,5,10,0,0,0,1,3,1,0,0,0,1,1,983
animal_germanshepherd,0,0,0,0,0,0,0,0,1,0,1,0,0,0,0,0,0,0,0,0,0,0,0,0,0,0,0,0,0,0,2,0,0,0,0,0,0,1,1,0,0,0,0,0,0,0,0,0,5,0,1,1,2,2,1,0,0,12,8,17,18,26,10,9,3,3,12,2,0,1,1,1,3,0,1,0,1,1,1,0,3,4,0,0,0,0,0,3,0,0,0,0,0,0,1,1,0,0,0,0,0,0,0,0,0,0,0,160
animal_raptor,0,0,0,0,0,0,0,0,1,0,0,0,0,0,0,1,0,0,1,1,1,0,1,1,0,1,0,0,0,5,0,1,0,0,0,2,2,1,0,0,0,0,0,0,0,0,1,1,1,1,3,4,3,3,0,0,0,4,4,6,12,32,3,8,0,3,17,4,1,0,0,1,2,0,0,0,1,0,0,0,3,12,0,0,0,0,0,2,2,0,0,1,1,2,3,1,0,1,0,0,0,0,0,0,0,0,0,162
animal_othermarsupial,0,0,0,0,0,0,0,0,1,0,0,1,0,0,0,0,0,0,0,0,1,0,0,0,1,0,0,0,0,1,0,0,0,0,0,0,1,0,0,0,0,0,0,0,0,0,0,0,0,0,2,2,1,1,0,0,0,2,2,4,2,7,1,1,2,1,6,1,0,0,0,0,1,0,0,0,0,0,0,0,1,4,1,0,0,0,0,2,0,0,0,1,1,0,2,0,1,1,0,0,0,0,0,0,0,0,0,56
animal_cheetah,0,0,0,0,0,0,0,0,0,1,0,0,0,0,0,0,0,1,0,0,2,0,1,0,0,0,0,0,0,3,1,0,1,1,1,1,0,1,0,0,0,0,0,0,0,0,0,1,0,0,1,6,1,2,0,0,0,10,9,15,14,22,12,11,5,5,11,8,0,0,0,2,3,0,0,0,0,0,1,0,5,6,0,0,0,0,0,7,0,0,0,1,1,2,1,0,0,0,0,0,1,0,0,0,0,0,0,177
animal_squirrel,0,0,0,0,0,0,0,0,0,0,2,0,0,0,0,0,0,0,0,0,0,0,0,0,0,0,0,0,1,2,2,2,1,1,0,0,0,0,0,1,0,0,0,0,0,0,0,0,4,0,0,2,2,0,0,0,0,12,2,4,13,29,5,7,3,2,4,5,0,2,0,1,1,0,1,0,0,0,2,0,5,6,0,0,0,0,0,4,0,0,0,0,0,2,1,0,0,2,0,0,0,0,0,0,0,0,0,133
animal_hyaena,0,0,0,0,0,0,0,0,0,0,1,0,0,0,0,0,0,0,0,0,1,0,1,1,0,1,0,0,0,0,1,1,0,0,0,1,0,0,0,0,1,0,0,0,0,0,1,0,1,1,4,4,4,1,1,0,0,5,9,13,12,21,12,9,5,3,12,2,0,2,2,2,2,0,1,0,3,0,1,0,0,7,0,0,0,0,0,4,1,1,0,1,3,1,5,1,0,2,0,0,0,0,1,0,0,0,0,169
animal_bat,0,0,0,0,0,0,0,0,0,0,1,0,0,0,0,0,0,0,0,0,2,0,0,1,0,1,0,0,0,1,0,1,1,1,0,2,0,1,0,1,0,0,0,0,0,0,0,1,2,0,3,3,2,5,0,0,0,5,9,11,10,23,7,5,4,3,9,7,1,4,2,4,5,0,0,0,2,1,1,1,1,5,1,0,0,0,0,2,1,0,0,2,2,4,4,1,0,0,0,0,2,0,0,0,0,0,0,168
animal_otherreptile,0,0,0,0,0,0,0,0,0,0,0,1,0,0,0,0,0,0,0,0,1,0,0,0,0,0,0,0,0,2,0,1,0,0,1,0,0,0,0,0,0,0,0,0,0,0,0,1,5,1,4,0,1,1,0,0,0,9,6,6,9,21,10,10,1,3,5,0,0,0,0,3,3,1,0,0,1,0,0,0,1,5,0,0,0,0,0,4,0,0,0,0,3,1,0,2,1,1,0,0,1,0,0,0,0,1,0,127
animal_mouse,0,0,0,0,0,0,0,0,0,0,0,0,0,0,0,0,0,1,1,0,1,0,0,0,0,0,0,0,0,3,0,0,3,0,1,0,1,0,0,0,0,0,0,0,0,0,3,0,3,0,1,0,2,0,0,0,0,2,4,6,8,15,2,3,0,0,6,6,0,2,0,2,1,0,0,0,1,0,0,0,3,7,0,0,0,0,0,2,2,0,0,0,0,1,0,0,0,0,0,0,0,0,0,0,0,0,0,93
animal_rat,0,0,0,0,0,0,0,0,0,0,0,0,0,0,0,0,0,1,0,0,0,0,0,4,0,0,0,0,0,2,0,0,1,0,0,0,0,0,0,0,0,1,0,0,0,0,1,0,3,0,4,2,0,1,0,0,0,7,5,2,5,14,3,3,1,3,2,5,0,1,0,2,2,0,0,0,0,1,0,2,2,1,0,0,0,0,0,0,2,0,0,1,7,0,3,1,0,0,0,0,0,0,0,0,0,0,0,95
animal_deer,0,0,0,0,0,0,0,0,0,0,0,0,0,0,0,0,0,0,1,0,1,0,1,1,0,0,0,0,0,2,1,0,0,0,0,0,0,0,0,1,0,0,0,0,0,0,2,1,4,0,3,3,5,1,0,0,0,8,4,4,9,11,10,7,5,5,11,8,0,1,0,3,7,1,0,0,0,1,1,1,0,5,0,0,0,0,0,4,0,0,1,0,1,3,3,0,0,1,0,0,1,0,0,0,0,0,0,143
animal_lizard,0,0,0,0,0,0,0,0,0,0,0,0,0,0,0,0,0,0,1,1,1,1,0,1,0,0,0,0,0,4,0,1,0,0,0,3,0,0,0,1,0,0,0,0,0,0,0,0,6,0,2,2,2,1,0,0,0,5,6,8,14,23,16,12,1,0,5,3,0,0,0,3,1,0,0,0,0,0,0,0,3,7,0,0,0,1,0,4,0,0,0,0,1,3,1,1,0,1,0,0,0,0,1,0,0,0,0,147
animal_collie,0,0,0,0,0,0,0,0,0,0,0,0,0,0,0,0,0,0,0,1,0,0,1,1,0,0,0,0,0,1,1,1,2,0,0,0,0,0,2,0,0,0,0,0,0,0,0,1,3,0,2,0,1,1,0,0,0,4,2,3,6,15,5,3,0,4,7,4,1,1,0,1,1,0,0,0,2,0,0,1,2,3,0,0,0,0,0,4,1,0,0,0,0,0,1,1,0,0,0,0,0,0,0,0,0,0,1,91
animal_seaotter,0,0,0,0,0,0,0,0,0,0,0,0,0,0,0,0,0,0,0,0,1,0,0,0,0,0,0,0,0,2,0,0,0,0,0,0,0,0,0,0,0,0,0,0,0,0,1,0,3,0,2,2,2,0,0,0,0,9,3,9,10,12,2,2,0,2,6,1,0,0,0,4,0,0,0,0,0,0,0,0,1,6,0,0,0,0,0,2,1,0,0,0,1,0,0,1,0,1,0,0,0,0,0,0,0,0,0,86
animal_otherbear,0,0,0,0,0,0,0,0,0,0,0,0,0,0,0,0,0,0,0,0,1,0,1,0,0,0,0,1,0,0,0,0,0,1,1,1,0,0,0,0,0,0,0,0,0,0,1,0,2,0,3,1,1,0,0,0,0,6,1,6,4,13,6,3,0,0,3,1,0,0,0,0,1,1,0,1,0,0,0,0,0,4,0,0,0,0,0,1,1,0,0,0,0,0,0,0,0,1,0,0,0,0,0,0,0,0,0,67
animal_otherprimate,0,0,0,0,0,0,0,0,0,0,0,0,0,0,0,0,0,0,0,0,1,0,0,0,0,0,0,0,0,0,0,0,0,0,0,0,0,1,0,0,0,0,0,0,0,0,0,1,0,0,0,0,1,1,0,0,0,1,1,2,1,9,0,0,0,0,2,2,0,0,0,0,0,0,0,0,0,0,0,0,0,5,0,0,0,0,0,0,0,0,0,0,1,0,0,0,0,1,0,0,0,0,0,0,0,0,0,30
animal_monkey,0,0,0,0,0,0,0,0,0,0,0,0,0,0,0,0,0,0,0,0,1,0,0,0,0,0,0,0,0,0,0,0,0,0,0,0,0,1,0,0,0,0,0,0,0,0,0,0,1,0,0,0,0,1,0,0,0,2,1,4,0,8,1,1,1,2,4,1,0,0,1,0,2,0,0,0,0,0,0,0,2,1,0,0,0,0,0,1,0,0,1,0,0,0,0,1,0,0,0,0,0,0,0,0,0,0,0,38
animal_othermusteloid,0,0,0,0,0,0,0,0,0,0,0,0,0,0,0,0,0,0,0,0,1,0,0,0,0,0,0,0,0,0,0,0,0,0,1,0,0,0,0,0,0,0,0,0,0,0,0,0,0,0,2,0,0,0,0,0,0,2,0,2,3,10,3,2,1,1,2,4,0,0,0,1,1,0,0,0,0,0,0,0,1,2,0,0,0,0,0,0,0,0,0,0,1,0,0,0,0,1,0,0,0,0,0,0,0,0,0,41
animal_riverotter,0,0,0,0,0,0,0,0,0,0,0,0,0,0,0,0,0,0,0,0,0,1,0,0,0,0,0,0,0,1,0,0,1,0,1,0,0,0,0,0,0,0,0,0,0,0,1,1,4,0,3,3,2,4,0,0,0,38,15,21,20,28,10,10,2,4,8,2,0,0,1,6,1,0,0,0,0,0,0,0,0,6,0,0,0,0,0,3,1,0,0,0,2,1,1,0,0,1,0,0,0,0,0,0,0,0,0,203
animal_lemur,0,0,0,0,0,0,0,0,0,0,0,0,0,0,0,0,0,0,0,0,0,0,0,0,0,0,0,0,0,0,1,0,0,0,0,0,0,1,0,0,1,0,0,0,0,0,0,0,1,0,1,3,0,3,0,0,0,2,2,2,3,7,4,0,4,2,4,1,0,0,0,1,1,0,0,1,0,0,0,1,0,4,0,0,0,0,0,1,0,0,0,0,0,1,3,0,0,1,0,0,0,0,0,1,0,0,0,57
animal_badger,0,0,0,0,0,0,0,0,0,0,0,0,0,0,0,0,0,0,0,0,0,0,0,0,0,0,0,0,0,0,0,0,0,0,0,0,0,0,0,0,0,0,0,0,0,0,0,0,1,0,1,1,0,1,0,0,0,4,0,3,7,12,2,3,2,0,7,0,0,0,0,0,0,0,0,0,0,0,0,1,1,2,0,0,0,0,0,2,0,0,0,0,0,0,0,0,0,0,0,0,0,0,0,0,0,0,0,50
animal_koala,0,0,0,0,0,0,0,0,0,0,0,0,0,0,0,0,0,0,0,0,0,0,0,0,0,0,0,0,0,0,0,0,0,0,0,0,0,0,0,0,0,0,0,0,0,0,0,0,0,0,0,0,1,0,0,0,0,0,0,0,1,3,1,0,2,0,2,0,0,0,0,0,0,0,0,0,0,0,1,0,1,1,0,0,0,0,0,0,0,0,0,0,0,0,1,0,0,0,0,0,0,0,0,0,0,0,0,14
